{"statusCode":200,"headers":{"Access-Control-Allow-Origin":"*"},"body":"[\n  {\n    \"subject\": \"https://s3-us-west-2.amazonaws.com/ontology.thb.de/koma-complex.owl#Alice\",\n    \"predicate\": \"http://www.w3.org/1999/02/22-rdf-syntax-ns#type\",\n    \"object\": \"https://s3-us-west-2.amazonaws.com/ontology.thb.de/koma-complex.owl#Learner\",\n    \"graph\": \"\"\n  },\n  {\n    \"subject\": \"https://s3-us-west-2.amazonaws.com/ontology.thb.de/koma-complex.owl#Alice\",\n    \"predicate\": \"http://www.w3.org/1999/02/22-rdf-syntax-ns#type\",\n    \"object\": \"http://www.w3.org/2002/07/owl#NamedIndividual\",\n    \"graph\": \"\"\n  },\n  {\n    \"subject\": \"https://s3-us-west-2.amazonaws.com/ontology.thb.de/koma-complex.owl#Math_CRec\",\n    \"predicate\": \"https://s3-us-west-2.amazonaws.com/ontology.thb.de/koma-complex.owl#associatedActor\",\n    \"object\": \"https://s3-us-west-2.amazonaws.com/ontology.thb.de/koma-complex.owl#Alice\",\n    \"graph\": \"\"\n  },\n  {\n    \"subject\": \"https://s3-us-west-2.amazonaws.com/ontology.thb.de/koma-complex.owl#Math_CRec\",\n    \"predicate\": \"https://s3-us-west-2.amazonaws.com/ontology.thb.de/koma-complex.owl#creator\",\n    \"object\": \"https://s3-us-west-2.amazonaws.com/ontology.thb.de/koma-complex.owl#Alice\",\n    \"graph\": \"\"\n  },\n  {\n    \"subject\": \"https://s3-us-west-2.amazonaws.com/ontology.thb.de/koma-complex.owl#Math_Ev_Rec\",\n    \"predicate\": \"https://s3-us-west-2.amazonaws.com/ontology.thb.de/koma-complex.owl#creator\",\n    \"object\": \"https://s3-us-west-2.amazonaws.com/ontology.thb.de/koma-complex.owl#Alice\",\n    \"graph\": \"\"\n  },\n  {\n    \"subject\": \"https://s3-us-west-2.amazonaws.com/ontology.thb.de/koma-complex.owl#Math_Ev_Rec\",\n    \"predicate\": \"https://s3-us-west-2.amazonaws.com/ontology.thb.de/koma-complex.owl#owner\",\n    \"object\": \"https://s3-us-west-2.amazonaws.com/ontology.thb.de/koma-complex.owl#Alice\",\n    \"graph\": \"\"\n  }\n]"}